[
    {   
        "name": "Martin",
        "email": "martin@gmail.de",
        "event": "Birthday",
        "gift": "none",
        "Accepted":  "false"
    },
    {   
        "name": "John",
        "email": "john@gmail.de",
        "event": "Birthday",
        "gift": "none",
        "Accepted":  "false"
    },
    {   
        "name": "Mary",
        "email": "mary@gmail.de",
        "event": "Birthday",
        "gift": "none",
        "Accepted":  "false"
    },

    {   
        "name": "Marilyn",
        "email": "marrr@gmail.de",
        "event": "Birthday",
        "gift": "none",
        "Accepted":  "false"
    },

    {   
        "name": "Marian",
        "email": "marian@gmail.de",
        "event": "Birthday",
        "gift": "none",
        "Accepted":  "false"
    },


    {   
        "name": "Michaeal",
        "email": "mic@gmail.de",
        "event": "Birthday",
        "gift": "none",
        "Accepted":  "false"
    },

    {   
        "name": "Wisam",
        "email": "sam@gmail.de",
        "event": "Birthday",
        "gift": "none",
        "Accepted":  "false"
    },

    {   
        "name": "Nellie",
        "email": "martin@gmail.de",
        "event": "Birthday",
        "gift": "none",
        "Accepted":  "false"
    },

    {   
        "name": "Chris",
        "email": "martin@gmail.de",
        "event": "Birthday",
        "gift": "none",
        "Accepted":  "false"
    },

    {   
        "name": "Melrose",
        "email": "mel@gmail.de",
        "event": "Birthday",
        "gift": "none",
        "Accepted":  "false"
    },

    {   
        "name": "Anja",
        "email": "tin@gmail.de",
        "event": "Birthday",
        "gift": "none",
        "Accepted":  "false"
    },


    {   
        "name": "Tasnim",
        "email": "rtin@gmail.de",
        "event": "Birthday",
        "gift": "none",
        "Accepted":  "false"
    },

    {   
        "name": "Omar",
        "email": "mar@gmail.de",
        "event": "Birthday",
        "gift": "none",
        "Accepted":  "false"
    },

    {   
        "name": "Mike",
        "email": "mtin@gmail.de",
        "event": "Birthday",
        "gift": "none",
        "Accepted":  "false"
    }
]